<?xml version='1.0' encoding='UTF-8'?>
<playback>
	<point>
		<motionStyle>MOVL</motionStyle>
		<isGrab>false</isGrab>
		<x>-180</x>
		<y>90</y>
		<z>100</z>
		<rHead>0</rHead>
		<gripper>0</gripper>
		<pauseTime>3</pauseTime>
	</point>
	<point>
		<motionStyle>MOVL</motionStyle>
		<isGrab>false</isGrab>
		<x>-130</x>
		<y>185</y>
		<z>100</z>
		<rHead>0</rHead>
		<gripper>0</gripper>
		<pauseTime>3</pauseTime>
	</point>
	<point>
		<motionStyle>MOVL</motionStyle>
		<isGrab>false</isGrab>
		<x>0</x>
		<y>180</y>
		<z>100</z>
		<rHead>0</rHead>
		<gripper>0</gripper>
		<pauseTime>3</pauseTime>
	</point>
	<point>
		<motionStyle>MOVL</motionStyle>
		<isGrab>false</isGrab>
		<x>100</x>
		<y>250</y>
		<z>100</z>
		<rHead>0</rHead>
		<gripper>0</gripper>
		<pauseTime>3</pauseTime>
	</point>
	<point>
		<motionStyle>MOVL</motionStyle>
		<isGrab>false</isGrab>
		<x>150</x>
		<y>150</y>
		<z>100</z>
		<rHead>0</rHead>
		<gripper>0</gripper>
		<pauseTime>3</pauseTime>
	</point>
	<point>
		<motionStyle>MOVL</motionStyle>
		<isGrab>false</isGrab>
		<x>265</x>
		<y>120</y>
		<z>100</z>
		<rHead>0</rHead>
		<gripper>0</gripper>
		<pauseTime>3</pauseTime>
	</point>
	<point>
		<motionStyle>MOVL</motionStyle>
		<isGrab>false</isGrab>
		<x>210</x>
		<y>-10</y>
		<z>100</z>
		<rHead>0</rHead>
		<gripper>0</gripper>
		<pauseTime>3</pauseTime>
	</point>
	<point>
		<motionStyle>MOVL</motionStyle>
		<isGrab>false</isGrab>
		<x>285</x>
		<y>-110</y>
		<z>100</z>
		<rHead>0</rHead>
		<gripper>0</gripper>
		<pauseTime>3</pauseTime>
	</point>
	<point>
		<motionStyle>MOVL</motionStyle>
		<isGrab>false</isGrab>
		<x>215</x>
		<y>80</y>
		<z>100</z>
		<rHead>0</rHead>
		<gripper>0</gripper>
		<pauseTime>5</pauseTime>
	</point>
	<point>
		<motionStyle>MOVL</motionStyle>
		<isGrab>false</isGrab>
		<x>215</x>
		<y>-70</y>
		<z>100</z>
		<rHead>0</rHead>
		<gripper>0</gripper>
		<pauseTime>5</pauseTime>
	</point>
	<point>
		<motionStyle>MOVL</motionStyle>
		<isGrab>false</isGrab>
		<x>150</x>
		<y>-150</y>
		<z>100</z>
		<rHead>0</rHead>
		<gripper>0</gripper>
		<pauseTime>3</pauseTime>
	</point>
	<point>
		<motionStyle>MOVL</motionStyle>
		<isGrab>false</isGrab>
		<x>115</x>
		<y>-265</y>
		<z>100</z>
		<rHead>0</rHead>
		<gripper>0</gripper>
		<pauseTime>3</pauseTime>
	</point>
	<point>
		<motionStyle>MOVL</motionStyle>
		<isGrab>false</isGrab>
		<x>25</x>
		<y>-85</y>
		<z>100</z>
		<rHead>0</rHead>
		<gripper>0</gripper>
		<pauseTime>3</pauseTime>
	</point>
	<point>
		<motionStyle>MOVL</motionStyle>
		<isGrab>false</isGrab>
		<x>-90</x>
		<y>-165</y>
		<z>100</z>
		<rHead>0</rHead>
		<gripper>0</gripper>
		<pauseTime>3</pauseTime>
	</point>
</playback>